filepath,xmin,xmax,ymin,ymax
C:\DATA\Programming\computer_vision\Automatic_Number_Plate_Recognition\data\images\Cars0.png,226,419,125,173
C:\DATA\Programming\computer_vision\Automatic_Number_Plate_Recognition\data\images\Cars1.png,134,262,128,160
C:\DATA\Programming\computer_vision\Automatic_Number_Plate_Recognition\data\images\Cars10.png,140,303,5,148
C:\DATA\Programming\computer_vision\Automatic_Number_Plate_Recognition\data\images\Cars100.png,175,214,114,131
C:\DATA\Programming\computer_vision\Automatic_Number_Plate_Recognition\data\images\Cars101.png,167,240,202,220
C:\DATA\Programming\computer_vision\Automatic_Number_Plate_Recognition\data\images\Cars102.png,66,322,147,199
C:\DATA\Programming\computer_vision\Automatic_Number_Plate_Recognition\data\images\Cars103.png,230,248,129,134
C:\DATA\Programming\computer_vision\Automatic_Number_Plate_Recognition\data\images\Cars104.png,195,244,266,282
C:\DATA\Programming\computer_vision\Automatic_Number_Plate_Recognition\data\images\Cars105.png,152,206,147,159
C:\DATA\Programming\computer_vision\Automatic_Number_Plate_Recognition\data\images\Cars106.png,138,177,79,92
C:\DATA\Programming\computer_vision\Automatic_Number_Plate_Recognition\data\images\Cars107.png,141,311,113,164
C:\DATA\Programming\computer_vision\Automatic_Number_Plate_Recognition\data\images\Cars108.png,158,277,216,248
C:\DATA\Programming\computer_vision\Automatic_Number_Plate_Recognition\data\images\Cars109.png,115,278,116,153
C:\DATA\Programming\computer_vision\Automatic_Number_Plate_Recognition\data\images\Cars11.png,131,273,206,234
C:\DATA\Programming\computer_vision\Automatic_Number_Plate_Recognition\data\images\Cars110.png,286,328,133,159
C:\DATA\Programming\computer_vision\Automatic_Number_Plate_Recognition\data\images\Cars111.png,319,478,165,204
C:\DATA\Programming\computer_vision\Automatic_Number_Plate_Recognition\data\images\Cars112.png,49,164,135,191
C:\DATA\Programming\computer_vision\Automatic_Number_Plate_Recognition\data\images\Cars113.png,151,306,113,180
C:\DATA\Programming\computer_vision\Automatic_Number_Plate_Recognition\data\images\Cars114.png,7,493,16,256
C:\DATA\Programming\computer_vision\Automatic_Number_Plate_Recognition\data\images\Cars115.png,315,407,287,311
C:\DATA\Programming\computer_vision\Automatic_Number_Plate_Recognition\data\images\Cars116.png,149,267,218,247
C:\DATA\Programming\computer_vision\Automatic_Number_Plate_Recognition\data\images\Cars117.png,42,86,126,137
C:\DATA\Programming\computer_vision\Automatic_Number_Plate_Recognition\data\images\Cars118.png,193,394,165,217
C:\DATA\Programming\computer_vision\Automatic_Number_Plate_Recognition\data\images\Cars119.png,187,217,140,153
C:\DATA\Programming\computer_vision\Automatic_Number_Plate_Recognition\data\images\Cars12.png,122,277,82,117
C:\DATA\Programming\computer_vision\Automatic_Number_Plate_Recognition\data\images\Cars120.png,159,250,178,200
C:\DATA\Programming\computer_vision\Automatic_Number_Plate_Recognition\data\images\Cars121.png,336,357,192,204
C:\DATA\Programming\computer_vision\Automatic_Number_Plate_Recognition\data\images\Cars122.png,195,254,147,169
C:\DATA\Programming\computer_vision\Automatic_Number_Plate_Recognition\data\images\Cars123.png,159,237,221,242
C:\DATA\Programming\computer_vision\Automatic_Number_Plate_Recognition\data\images\Cars124.png,305,320,256,267
C:\DATA\Programming\computer_vision\Automatic_Number_Plate_Recognition\data\images\Cars125.png,280,355,196,257
C:\DATA\Programming\computer_vision\Automatic_Number_Plate_Recognition\data\images\Cars126.png,103,293,99,201
C:\DATA\Programming\computer_vision\Automatic_Number_Plate_Recognition\data\images\Cars127.png,360,383,166,181
C:\DATA\Programming\computer_vision\Automatic_Number_Plate_Recognition\data\images\Cars128.png,112,306,65,173
C:\DATA\Programming\computer_vision\Automatic_Number_Plate_Recognition\data\images\Cars129.png,204,282,213,267
C:\DATA\Programming\computer_vision\Automatic_Number_Plate_Recognition\data\images\Cars13.png,191,242,147,169
C:\DATA\Programming\computer_vision\Automatic_Number_Plate_Recognition\data\images\Cars130.png,91,166,110,140
C:\DATA\Programming\computer_vision\Automatic_Number_Plate_Recognition\data\images\Cars131.png,19,497,29,245
C:\DATA\Programming\computer_vision\Automatic_Number_Plate_Recognition\data\images\Cars132.png,23,56,190,198
C:\DATA\Programming\computer_vision\Automatic_Number_Plate_Recognition\data\images\Cars133.png,247,375,185,223
C:\DATA\Programming\computer_vision\Automatic_Number_Plate_Recognition\data\images\Cars134.png,76,133,151,174
C:\DATA\Programming\computer_vision\Automatic_Number_Plate_Recognition\data\images\Cars135.png,260,319,184,211
C:\DATA\Programming\computer_vision\Automatic_Number_Plate_Recognition\data\images\Cars136.png,164,245,104,119
C:\DATA\Programming\computer_vision\Automatic_Number_Plate_Recognition\data\images\Cars137.png,178,204,181,191
C:\DATA\Programming\computer_vision\Automatic_Number_Plate_Recognition\data\images\Cars138.png,153,254,141,185
C:\DATA\Programming\computer_vision\Automatic_Number_Plate_Recognition\data\images\Cars139.png,315,337,189,197
C:\DATA\Programming\computer_vision\Automatic_Number_Plate_Recognition\data\images\Cars14.png,94,274,118,163
C:\DATA\Programming\computer_vision\Automatic_Number_Plate_Recognition\data\images\Cars140.png,283,424,239,286
C:\DATA\Programming\computer_vision\Automatic_Number_Plate_Recognition\data\images\Cars141.png,266,307,169,188
C:\DATA\Programming\computer_vision\Automatic_Number_Plate_Recognition\data\images\Cars142.png,178,273,124,144
C:\DATA\Programming\computer_vision\Automatic_Number_Plate_Recognition\data\images\Cars143.png,93,130,196,207
C:\DATA\Programming\computer_vision\Automatic_Number_Plate_Recognition\data\images\Cars144.png,101,215,114,154
C:\DATA\Programming\computer_vision\Automatic_Number_Plate_Recognition\data\images\Cars145.png,282,422,236,283
C:\DATA\Programming\computer_vision\Automatic_Number_Plate_Recognition\data\images\Cars146.png,143,170,263,271
C:\DATA\Programming\computer_vision\Automatic_Number_Plate_Recognition\data\images\Cars147.png,226,420,125,169
C:\DATA\Programming\computer_vision\Automatic_Number_Plate_Recognition\data\images\Cars148.png,135,218,134,158
C:\DATA\Programming\computer_vision\Automatic_Number_Plate_Recognition\data\images\Cars149.png,212,245,182,203
C:\DATA\Programming\computer_vision\Automatic_Number_Plate_Recognition\data\images\Cars15.png,310,372,146,171
C:\DATA\Programming\computer_vision\Automatic_Number_Plate_Recognition\data\images\Cars150.png,122,262,198,232
C:\DATA\Programming\computer_vision\Automatic_Number_Plate_Recognition\data\images\Cars151.png,54,120,135,178
C:\DATA\Programming\computer_vision\Automatic_Number_Plate_Recognition\data\images\Cars152.png,92,199,258,284
C:\DATA\Programming\computer_vision\Automatic_Number_Plate_Recognition\data\images\Cars153.png,146,311,118,170
C:\DATA\Programming\computer_vision\Automatic_Number_Plate_Recognition\data\images\Cars154.png,70,264,197,265
C:\DATA\Programming\computer_vision\Automatic_Number_Plate_Recognition\data\images\Cars155.png,150,203,177,190
C:\DATA\Programming\computer_vision\Automatic_Number_Plate_Recognition\data\images\Cars156.png,114,230,78,102
C:\DATA\Programming\computer_vision\Automatic_Number_Plate_Recognition\data\images\Cars157.png,330,366,152,179
C:\DATA\Programming\computer_vision\Automatic_Number_Plate_Recognition\data\images\Cars158.png,97,296,118,210
C:\DATA\Programming\computer_vision\Automatic_Number_Plate_Recognition\data\images\Cars159.png,149,261,184,211
C:\DATA\Programming\computer_vision\Automatic_Number_Plate_Recognition\data\images\Cars16.png,36,62,175,186
C:\DATA\Programming\computer_vision\Automatic_Number_Plate_Recognition\data\images\Cars160.png,209,281,137,174
C:\DATA\Programming\computer_vision\Automatic_Number_Plate_Recognition\data\images\Cars161.png,312,406,283,311
C:\DATA\Programming\computer_vision\Automatic_Number_Plate_Recognition\data\images\Cars162.png,201,268,168,213
C:\DATA\Programming\computer_vision\Automatic_Number_Plate_Recognition\data\images\Cars163.png,220,360,173,200
C:\DATA\Programming\computer_vision\Automatic_Number_Plate_Recognition\data\images\Cars164.png,160,239,144,183
C:\DATA\Programming\computer_vision\Automatic_Number_Plate_Recognition\data\images\Cars165.png,209,293,217,254
C:\DATA\Programming\computer_vision\Automatic_Number_Plate_Recognition\data\images\Cars166.png,148,201,123,150
C:\DATA\Programming\computer_vision\Automatic_Number_Plate_Recognition\data\images\Cars167.png,176,327,254,285
C:\DATA\Programming\computer_vision\Automatic_Number_Plate_Recognition\data\images\Cars168.png,82,137,95,125
C:\DATA\Programming\computer_vision\Automatic_Number_Plate_Recognition\data\images\Cars169.png,114,229,79,101
C:\DATA\Programming\computer_vision\Automatic_Number_Plate_Recognition\data\images\Cars17.png,306,351,188,205
C:\DATA\Programming\computer_vision\Automatic_Number_Plate_Recognition\data\images\Cars170.png,318,346,190,224
C:\DATA\Programming\computer_vision\Automatic_Number_Plate_Recognition\data\images\Cars171.png,192,242,146,167
C:\DATA\Programming\computer_vision\Automatic_Number_Plate_Recognition\data\images\Cars172.png,173,301,209,239
C:\DATA\Programming\computer_vision\Automatic_Number_Plate_Recognition\data\images\Cars173.png,170,252,118,163
C:\DATA\Programming\computer_vision\Automatic_Number_Plate_Recognition\data\images\Cars174.png,283,306,159,168
C:\DATA\Programming\computer_vision\Automatic_Number_Plate_Recognition\data\images\Cars175.png,295,456,237,367
C:\DATA\Programming\computer_vision\Automatic_Number_Plate_Recognition\data\images\Cars176.png,72,308,67,185
C:\DATA\Programming\computer_vision\Automatic_Number_Plate_Recognition\data\images\Cars177.png,149,272,166,193
C:\DATA\Programming\computer_vision\Automatic_Number_Plate_Recognition\data\images\Cars178.png,126,173,180,205
C:\DATA\Programming\computer_vision\Automatic_Number_Plate_Recognition\data\images\Cars179.png,72,132,160,197
C:\DATA\Programming\computer_vision\Automatic_Number_Plate_Recognition\data\images\Cars18.png,313,405,286,311
C:\DATA\Programming\computer_vision\Automatic_Number_Plate_Recognition\data\images\Cars180.png,151,304,115,187
C:\DATA\Programming\computer_vision\Automatic_Number_Plate_Recognition\data\images\Cars181.png,69,128,195,209
C:\DATA\Programming\computer_vision\Automatic_Number_Plate_Recognition\data\images\Cars182.png,168,247,139,159
C:\DATA\Programming\computer_vision\Automatic_Number_Plate_Recognition\data\images\Cars183.png,97,234,138,170
C:\DATA\Programming\computer_vision\Automatic_Number_Plate_Recognition\data\images\Cars184.png,163,212,146,159
C:\DATA\Programming\computer_vision\Automatic_Number_Plate_Recognition\data\images\Cars185.png,154,293,147,194
C:\DATA\Programming\computer_vision\Automatic_Number_Plate_Recognition\data\images\Cars186.png,175,242,152,175
C:\DATA\Programming\computer_vision\Automatic_Number_Plate_Recognition\data\images\Cars187.png,96,287,116,155
C:\DATA\Programming\computer_vision\Automatic_Number_Plate_Recognition\data\images\Cars188.png,32,43,184,193
C:\DATA\Programming\computer_vision\Automatic_Number_Plate_Recognition\data\images\Cars189.png,285,423,241,286
C:\DATA\Programming\computer_vision\Automatic_Number_Plate_Recognition\data\images\Cars19.png,148,221,195,232
C:\DATA\Programming\computer_vision\Automatic_Number_Plate_Recognition\data\images\Cars190.png,149,245,210,235
C:\DATA\Programming\computer_vision\Automatic_Number_Plate_Recognition\data\images\Cars191.png,96,199,189,217
C:\DATA\Programming\computer_vision\Automatic_Number_Plate_Recognition\data\images\Cars192.png,108,211,150,173
C:\DATA\Programming\computer_vision\Automatic_Number_Plate_Recognition\data\images\Cars193.png,306,344,193,214
C:\DATA\Programming\computer_vision\Automatic_Number_Plate_Recognition\data\images\Cars194.png,267,316,170,183
C:\DATA\Programming\computer_vision\Automatic_Number_Plate_Recognition\data\images\Cars195.png,450,526,223,244
C:\DATA\Programming\computer_vision\Automatic_Number_Plate_Recognition\data\images\Cars196.png,105,130,128,140
C:\DATA\Programming\computer_vision\Automatic_Number_Plate_Recognition\data\images\Cars197.png,222,359,176,201
C:\DATA\Programming\computer_vision\Automatic_Number_Plate_Recognition\data\images\Cars198.png,166,273,225,246
C:\DATA\Programming\computer_vision\Automatic_Number_Plate_Recognition\data\images\Cars199.png,59,310,88,158
C:\DATA\Programming\computer_vision\Automatic_Number_Plate_Recognition\data\images\Cars2.png,229,270,176,193
C:\DATA\Programming\computer_vision\Automatic_Number_Plate_Recognition\data\images\Cars20.png,18,48,135,152
C:\DATA\Programming\computer_vision\Automatic_Number_Plate_Recognition\data\images\Cars200.png,95,195,189,217
C:\DATA\Programming\computer_vision\Automatic_Number_Plate_Recognition\data\images\Cars201.png,216,367,171,208
C:\DATA\Programming\computer_vision\Automatic_Number_Plate_Recognition\data\images\Cars202.png,197,249,135,159
C:\DATA\Programming\computer_vision\Automatic_Number_Plate_Recognition\data\images\Cars203.png,116,271,112,165
C:\DATA\Programming\computer_vision\Automatic_Number_Plate_Recognition\data\images\Cars204.png,193,279,145,187
C:\DATA\Programming\computer_vision\Automatic_Number_Plate_Recognition\data\images\Cars205.png,156,221,162,199
C:\DATA\Programming\computer_vision\Automatic_Number_Plate_Recognition\data\images\Cars206.png,95,164,185,206
C:\DATA\Programming\computer_vision\Automatic_Number_Plate_Recognition\data\images\Cars207.png,254,372,229,264
C:\DATA\Programming\computer_vision\Automatic_Number_Plate_Recognition\data\images\Cars208.png,142,232,123,169
C:\DATA\Programming\computer_vision\Automatic_Number_Plate_Recognition\data\images\Cars209.png,359,387,172,186
C:\DATA\Programming\computer_vision\Automatic_Number_Plate_Recognition\data\images\Cars21.png,191,255,165,192
C:\DATA\Programming\computer_vision\Automatic_Number_Plate_Recognition\data\images\Cars210.png,54,315,90,159
C:\DATA\Programming\computer_vision\Automatic_Number_Plate_Recognition\data\images\Cars211.png,28,387,64,235
C:\DATA\Programming\computer_vision\Automatic_Number_Plate_Recognition\data\images\Cars212.png,105,290,94,141
C:\DATA\Programming\computer_vision\Automatic_Number_Plate_Recognition\data\images\Cars213.png,150,233,160,194
C:\DATA\Programming\computer_vision\Automatic_Number_Plate_Recognition\data\images\Cars214.png,188,214,121,134
C:\DATA\Programming\computer_vision\Automatic_Number_Plate_Recognition\data\images\Cars215.png,92,162,105,123
C:\DATA\Programming\computer_vision\Automatic_Number_Plate_Recognition\data\images\Cars216.png,205,280,214,262
C:\DATA\Programming\computer_vision\Automatic_Number_Plate_Recognition\data\images\Cars217.png,149,223,196,231
C:\DATA\Programming\computer_vision\Automatic_Number_Plate_Recognition\data\images\Cars218.png,0,27,166,188
C:\DATA\Programming\computer_vision\Automatic_Number_Plate_Recognition\data\images\Cars219.png,127,462,172,236
C:\DATA\Programming\computer_vision\Automatic_Number_Plate_Recognition\data\images\Cars22.png,207,260,104,116
C:\DATA\Programming\computer_vision\Automatic_Number_Plate_Recognition\data\images\Cars220.png,142,188,168,182
C:\DATA\Programming\computer_vision\Automatic_Number_Plate_Recognition\data\images\Cars221.png,102,125,122,135
C:\DATA\Programming\computer_vision\Automatic_Number_Plate_Recognition\data\images\Cars222.png,178,235,158,170
C:\DATA\Programming\computer_vision\Automatic_Number_Plate_Recognition\data\images\Cars223.png,347,407,231,249
C:\DATA\Programming\computer_vision\Automatic_Number_Plate_Recognition\data\images\Cars224.png,181,243,250,275
C:\DATA\Programming\computer_vision\Automatic_Number_Plate_Recognition\data\images\Cars225.png,189,384,161,215
C:\DATA\Programming\computer_vision\Automatic_Number_Plate_Recognition\data\images\Cars226.png,249,318,194,213
C:\DATA\Programming\computer_vision\Automatic_Number_Plate_Recognition\data\images\Cars227.png,118,153,199,211
C:\DATA\Programming\computer_vision\Automatic_Number_Plate_Recognition\data\images\Cars228.png,86,113,127,143
C:\DATA\Programming\computer_vision\Automatic_Number_Plate_Recognition\data\images\Cars229.png,253,284,163,177
C:\DATA\Programming\computer_vision\Automatic_Number_Plate_Recognition\data\images\Cars23.png,143,213,172,211
C:\DATA\Programming\computer_vision\Automatic_Number_Plate_Recognition\data\images\Cars230.png,222,361,173,202
C:\DATA\Programming\computer_vision\Automatic_Number_Plate_Recognition\data\images\Cars231.png,64,133,160,180
C:\DATA\Programming\computer_vision\Automatic_Number_Plate_Recognition\data\images\Cars232.png,175,228,174,201
C:\DATA\Programming\computer_vision\Automatic_Number_Plate_Recognition\data\images\Cars233.png,189,259,55,78
C:\DATA\Programming\computer_vision\Automatic_Number_Plate_Recognition\data\images\Cars234.png,160,246,149,171
C:\DATA\Programming\computer_vision\Automatic_Number_Plate_Recognition\data\images\Cars235.png,152,247,145,167
C:\DATA\Programming\computer_vision\Automatic_Number_Plate_Recognition\data\images\Cars236.png,223,250,106,119
C:\DATA\Programming\computer_vision\Automatic_Number_Plate_Recognition\data\images\Cars237.png,118,154,148,169
C:\DATA\Programming\computer_vision\Automatic_Number_Plate_Recognition\data\images\Cars238.png,276,396,186,273
C:\DATA\Programming\computer_vision\Automatic_Number_Plate_Recognition\data\images\Cars239.png,176,326,254,284
C:\DATA\Programming\computer_vision\Automatic_Number_Plate_Recognition\data\images\Cars24.png,167,240,202,221
C:\DATA\Programming\computer_vision\Automatic_Number_Plate_Recognition\data\images\Cars240.png,171,232,116,132
C:\DATA\Programming\computer_vision\Automatic_Number_Plate_Recognition\data\images\Cars241.png,126,241,142,199
C:\DATA\Programming\computer_vision\Automatic_Number_Plate_Recognition\data\images\Cars242.png,224,277,170,199
C:\DATA\Programming\computer_vision\Automatic_Number_Plate_Recognition\data\images\Cars243.png,129,465,174,235
C:\DATA\Programming\computer_vision\Automatic_Number_Plate_Recognition\data\images\Cars244.png,20,360,87,155
C:\DATA\Programming\computer_vision\Automatic_Number_Plate_Recognition\data\images\Cars245.png,91,164,110,138
C:\DATA\Programming\computer_vision\Automatic_Number_Plate_Recognition\data\images\Cars246.png,49,112,163,193
C:\DATA\Programming\computer_vision\Automatic_Number_Plate_Recognition\data\images\Cars247.png,147,300,11,149
C:\DATA\Programming\computer_vision\Automatic_Number_Plate_Recognition\data\images\Cars248.png,184,311,143,191
C:\DATA\Programming\computer_vision\Automatic_Number_Plate_Recognition\data\images\Cars249.png,118,149,91,99
C:\DATA\Programming\computer_vision\Automatic_Number_Plate_Recognition\data\images\Cars25.png,177,216,139,159
C:\DATA\Programming\computer_vision\Automatic_Number_Plate_Recognition\data\images\Cars250.png,132,261,123,160
C:\DATA\Programming\computer_vision\Automatic_Number_Plate_Recognition\data\images\Cars251.png,136,210,134,153
C:\DATA\Programming\computer_vision\Automatic_Number_Plate_Recognition\data\images\Cars252.png,174,314,237,274
C:\DATA\Programming\computer_vision\Automatic_Number_Plate_Recognition\data\images\Cars253.png,25,64,124,137
C:\DATA\Programming\computer_vision\Automatic_Number_Plate_Recognition\data\images\Cars254.png,166,235,175,207
C:\DATA\Programming\computer_vision\Automatic_Number_Plate_Recognition\data\images\Cars255.png,116,273,156,188
C:\DATA\Programming\computer_vision\Automatic_Number_Plate_Recognition\data\images\Cars256.png,286,400,175,212
C:\DATA\Programming\computer_vision\Automatic_Number_Plate_Recognition\data\images\Cars257.png,167,241,132,166
C:\DATA\Programming\computer_vision\Automatic_Number_Plate_Recognition\data\images\Cars258.png,158,230,184,232
C:\DATA\Programming\computer_vision\Automatic_Number_Plate_Recognition\data\images\Cars259.png,324,475,166,205
C:\DATA\Programming\computer_vision\Automatic_Number_Plate_Recognition\data\images\Cars26.png,258,321,184,213
C:\DATA\Programming\computer_vision\Automatic_Number_Plate_Recognition\data\images\Cars260.png,170,232,112,129
C:\DATA\Programming\computer_vision\Automatic_Number_Plate_Recognition\data\images\Cars261.png,1,464,74,154
C:\DATA\Programming\computer_vision\Automatic_Number_Plate_Recognition\data\images\Cars262.png,243,285,184,205
C:\DATA\Programming\computer_vision\Automatic_Number_Plate_Recognition\data\images\Cars263.png,129,232,260,290
C:\DATA\Programming\computer_vision\Automatic_Number_Plate_Recognition\data\images\Cars264.png,222,295,300,337
C:\DATA\Programming\computer_vision\Automatic_Number_Plate_Recognition\data\images\Cars265.png,87,216,166,212
C:\DATA\Programming\computer_vision\Automatic_Number_Plate_Recognition\data\images\Cars266.png,11,88,57,76
C:\DATA\Programming\computer_vision\Automatic_Number_Plate_Recognition\data\images\Cars267.png,274,343,118,138
C:\DATA\Programming\computer_vision\Automatic_Number_Plate_Recognition\data\images\Cars268.png,213,271,133,168
C:\DATA\Programming\computer_vision\Automatic_Number_Plate_Recognition\data\images\Cars269.png,110,147,199,217
C:\DATA\Programming\computer_vision\Automatic_Number_Plate_Recognition\data\images\Cars27.png,148,245,127,159
C:\DATA\Programming\computer_vision\Automatic_Number_Plate_Recognition\data\images\Cars270.png,75,125,173,195
C:\DATA\Programming\computer_vision\Automatic_Number_Plate_Recognition\data\images\Cars271.png,262,318,141,160
C:\DATA\Programming\computer_vision\Automatic_Number_Plate_Recognition\data\images\Cars272.png,170,316,81,121
C:\DATA\Programming\computer_vision\Automatic_Number_Plate_Recognition\data\images\Cars273.png,74,264,132,173
C:\DATA\Programming\computer_vision\Automatic_Number_Plate_Recognition\data\images\Cars274.png,196,253,149,169
C:\DATA\Programming\computer_vision\Automatic_Number_Plate_Recognition\data\images\Cars275.png,99,162,150,167
C:\DATA\Programming\computer_vision\Automatic_Number_Plate_Recognition\data\images\Cars276.png,115,276,116,156
C:\DATA\Programming\computer_vision\Automatic_Number_Plate_Recognition\data\images\Cars277.png,48,72,218,225
C:\DATA\Programming\computer_vision\Automatic_Number_Plate_Recognition\data\images\Cars278.png,278,315,138,163
C:\DATA\Programming\computer_vision\Automatic_Number_Plate_Recognition\data\images\Cars279.png,42,202,131,243
C:\DATA\Programming\computer_vision\Automatic_Number_Plate_Recognition\data\images\Cars28.png,541,598,366,384
C:\DATA\Programming\computer_vision\Automatic_Number_Plate_Recognition\data\images\Cars280.png,191,213,185,195
C:\DATA\Programming\computer_vision\Automatic_Number_Plate_Recognition\data\images\Cars281.png,151,243,169,183
C:\DATA\Programming\computer_vision\Automatic_Number_Plate_Recognition\data\images\Cars282.png,37,319,145,203
C:\DATA\Programming\computer_vision\Automatic_Number_Plate_Recognition\data\images\Cars283.png,51,79,189,201
C:\DATA\Programming\computer_vision\Automatic_Number_Plate_Recognition\data\images\Cars284.png,70,260,199,271
C:\DATA\Programming\computer_vision\Automatic_Number_Plate_Recognition\data\images\Cars285.png,91,163,111,134
C:\DATA\Programming\computer_vision\Automatic_Number_Plate_Recognition\data\images\Cars286.png,201,288,191,230
C:\DATA\Programming\computer_vision\Automatic_Number_Plate_Recognition\data\images\Cars287.png,148,262,180,213
C:\DATA\Programming\computer_vision\Automatic_Number_Plate_Recognition\data\images\Cars288.png,97,164,148,169
C:\DATA\Programming\computer_vision\Automatic_Number_Plate_Recognition\data\images\Cars289.png,163,271,140,173
C:\DATA\Programming\computer_vision\Automatic_Number_Plate_Recognition\data\images\Cars29.png,143,211,171,208
C:\DATA\Programming\computer_vision\Automatic_Number_Plate_Recognition\data\images\Cars290.png,224,271,84,118
C:\DATA\Programming\computer_vision\Automatic_Number_Plate_Recognition\data\images\Cars291.png,71,215,205,246
C:\DATA\Programming\computer_vision\Automatic_Number_Plate_Recognition\data\images\Cars292.png,91,137,187,208
C:\DATA\Programming\computer_vision\Automatic_Number_Plate_Recognition\data\images\Cars293.png,64,130,160,181
C:\DATA\Programming\computer_vision\Automatic_Number_Plate_Recognition\data\images\Cars294.png,142,218,117,135
C:\DATA\Programming\computer_vision\Automatic_Number_Plate_Recognition\data\images\Cars295.png,52,73,170,182
C:\DATA\Programming\computer_vision\Automatic_Number_Plate_Recognition\data\images\Cars296.png,163,234,158,196
C:\DATA\Programming\computer_vision\Automatic_Number_Plate_Recognition\data\images\Cars297.png,158,247,149,170
C:\DATA\Programming\computer_vision\Automatic_Number_Plate_Recognition\data\images\Cars298.png,166,233,148,184
C:\DATA\Programming\computer_vision\Automatic_Number_Plate_Recognition\data\images\Cars299.png,101,270,136,176
C:\DATA\Programming\computer_vision\Automatic_Number_Plate_Recognition\data\images\Cars3.png,142,261,128,157
C:\DATA\Programming\computer_vision\Automatic_Number_Plate_Recognition\data\images\Cars30.png,155,200,169,182
C:\DATA\Programming\computer_vision\Automatic_Number_Plate_Recognition\data\images\Cars300.png,259,317,185,215
C:\DATA\Programming\computer_vision\Automatic_Number_Plate_Recognition\data\images\Cars301.png,205,303,107,135
C:\DATA\Programming\computer_vision\Automatic_Number_Plate_Recognition\data\images\Cars302.png,222,425,98,149
C:\DATA\Programming\computer_vision\Automatic_Number_Plate_Recognition\data\images\Cars303.png,150,247,211,237
C:\DATA\Programming\computer_vision\Automatic_Number_Plate_Recognition\data\images\Cars304.png,143,222,114,156
C:\DATA\Programming\computer_vision\Automatic_Number_Plate_Recognition\data\images\Cars305.png,361,434,167,183
C:\DATA\Programming\computer_vision\Automatic_Number_Plate_Recognition\data\images\Cars306.png,139,249,282,310
C:\DATA\Programming\computer_vision\Automatic_Number_Plate_Recognition\data\images\Cars307.png,172,437,163,220
C:\DATA\Programming\computer_vision\Automatic_Number_Plate_Recognition\data\images\Cars308.png,159,237,221,241
C:\DATA\Programming\computer_vision\Automatic_Number_Plate_Recognition\data\images\Cars309.png,152,252,122,207
C:\DATA\Programming\computer_vision\Automatic_Number_Plate_Recognition\data\images\Cars31.png,286,400,173,211
C:\DATA\Programming\computer_vision\Automatic_Number_Plate_Recognition\data\images\Cars310.png,241,348,369,417
C:\DATA\Programming\computer_vision\Automatic_Number_Plate_Recognition\data\images\Cars311.png,295,355,166,185
C:\DATA\Programming\computer_vision\Automatic_Number_Plate_Recognition\data\images\Cars312.png,111,518,66,246
C:\DATA\Programming\computer_vision\Automatic_Number_Plate_Recognition\data\images\Cars313.png,176,252,211,246
C:\DATA\Programming\computer_vision\Automatic_Number_Plate_Recognition\data\images\Cars314.png,195,274,149,209
C:\DATA\Programming\computer_vision\Automatic_Number_Plate_Recognition\data\images\Cars315.png,12,385,98,181
C:\DATA\Programming\computer_vision\Automatic_Number_Plate_Recognition\data\images\Cars316.png,377,476,405,439
C:\DATA\Programming\computer_vision\Automatic_Number_Plate_Recognition\data\images\Cars317.png,164,240,202,220
C:\DATA\Programming\computer_vision\Automatic_Number_Plate_Recognition\data\images\Cars318.png,119,263,117,160
C:\DATA\Programming\computer_vision\Automatic_Number_Plate_Recognition\data\images\Cars319.png,167,232,228,259
C:\DATA\Programming\computer_vision\Automatic_Number_Plate_Recognition\data\images\Cars32.png,200,251,149,167
C:\DATA\Programming\computer_vision\Automatic_Number_Plate_Recognition\data\images\Cars320.png,99,257,225,266
C:\DATA\Programming\computer_vision\Automatic_Number_Plate_Recognition\data\images\Cars321.png,134,169,235,246
C:\DATA\Programming\computer_vision\Automatic_Number_Plate_Recognition\data\images\Cars322.png,274,350,257,297
C:\DATA\Programming\computer_vision\Automatic_Number_Plate_Recognition\data\images\Cars323.png,123,279,28,65
C:\DATA\Programming\computer_vision\Automatic_Number_Plate_Recognition\data\images\Cars324.png,151,255,138,159
C:\DATA\Programming\computer_vision\Automatic_Number_Plate_Recognition\data\images\Cars325.png,230,262,180,196
C:\DATA\Programming\computer_vision\Automatic_Number_Plate_Recognition\data\images\Cars326.png,141,252,198,230
C:\DATA\Programming\computer_vision\Automatic_Number_Plate_Recognition\data\images\Cars327.png,138,262,126,155
C:\DATA\Programming\computer_vision\Automatic_Number_Plate_Recognition\data\images\Cars328.png,156,248,149,170
C:\DATA\Programming\computer_vision\Automatic_Number_Plate_Recognition\data\images\Cars329.png,166,224,142,176
C:\DATA\Programming\computer_vision\Automatic_Number_Plate_Recognition\data\images\Cars33.png,94,306,56,169
C:\DATA\Programming\computer_vision\Automatic_Number_Plate_Recognition\data\images\Cars330.png,29,57,192,203
C:\DATA\Programming\computer_vision\Automatic_Number_Plate_Recognition\data\images\Cars331.png,164,235,220,240
C:\DATA\Programming\computer_vision\Automatic_Number_Plate_Recognition\data\images\Cars332.png,143,260,126,159
C:\DATA\Programming\computer_vision\Automatic_Number_Plate_Recognition\data\images\Cars333.png,117,270,157,191
C:\DATA\Programming\computer_vision\Automatic_Number_Plate_Recognition\data\images\Cars334.png,155,211,146,162
C:\DATA\Programming\computer_vision\Automatic_Number_Plate_Recognition\data\images\Cars335.png,156,221,163,198
C:\DATA\Programming\computer_vision\Automatic_Number_Plate_Recognition\data\images\Cars336.png,122,265,195,234
C:\DATA\Programming\computer_vision\Automatic_Number_Plate_Recognition\data\images\Cars337.png,119,136,131,154
C:\DATA\Programming\computer_vision\Automatic_Number_Plate_Recognition\data\images\Cars338.png,297,316,193,205
C:\DATA\Programming\computer_vision\Automatic_Number_Plate_Recognition\data\images\Cars339.png,209,283,135,169
C:\DATA\Programming\computer_vision\Automatic_Number_Plate_Recognition\data\images\Cars34.png,147,260,181,206
C:\DATA\Programming\computer_vision\Automatic_Number_Plate_Recognition\data\images\Cars340.png,270,321,126,143
C:\DATA\Programming\computer_vision\Automatic_Number_Plate_Recognition\data\images\Cars341.png,47,115,161,192
C:\DATA\Programming\computer_vision\Automatic_Number_Plate_Recognition\data\images\Cars342.png,196,253,148,169
C:\DATA\Programming\computer_vision\Automatic_Number_Plate_Recognition\data\images\Cars343.png,110,162,186,209
C:\DATA\Programming\computer_vision\Automatic_Number_Plate_Recognition\data\images\Cars344.png,240,379,158,217
C:\DATA\Programming\computer_vision\Automatic_Number_Plate_Recognition\data\images\Cars345.png,173,247,143,182
C:\DATA\Programming\computer_vision\Automatic_Number_Plate_Recognition\data\images\Cars346.png,91,197,185,217
C:\DATA\Programming\computer_vision\Automatic_Number_Plate_Recognition\data\images\Cars347.png,227,252,124,135
C:\DATA\Programming\computer_vision\Automatic_Number_Plate_Recognition\data\images\Cars348.png,156,250,121,204
C:\DATA\Programming\computer_vision\Automatic_Number_Plate_Recognition\data\images\Cars349.png,38,146,225,249
C:\DATA\Programming\computer_vision\Automatic_Number_Plate_Recognition\data\images\Cars35.png,91,137,186,208
C:\DATA\Programming\computer_vision\Automatic_Number_Plate_Recognition\data\images\Cars350.png,162,211,179,188
C:\DATA\Programming\computer_vision\Automatic_Number_Plate_Recognition\data\images\Cars351.png,249,368,48,129
C:\DATA\Programming\computer_vision\Automatic_Number_Plate_Recognition\data\images\Cars352.png,201,217,185,195
C:\DATA\Programming\computer_vision\Automatic_Number_Plate_Recognition\data\images\Cars353.png,93,201,189,221
C:\DATA\Programming\computer_vision\Automatic_Number_Plate_Recognition\data\images\Cars354.png,65,102,202,222
C:\DATA\Programming\computer_vision\Automatic_Number_Plate_Recognition\data\images\Cars355.png,164,239,154,190
C:\DATA\Programming\computer_vision\Automatic_Number_Plate_Recognition\data\images\Cars356.png,241,364,216,275
C:\DATA\Programming\computer_vision\Automatic_Number_Plate_Recognition\data\images\Cars357.png,92,137,187,207
C:\DATA\Programming\computer_vision\Automatic_Number_Plate_Recognition\data\images\Cars358.png,44,107,94,107
C:\DATA\Programming\computer_vision\Automatic_Number_Plate_Recognition\data\images\Cars359.png,228,266,228,240
C:\DATA\Programming\computer_vision\Automatic_Number_Plate_Recognition\data\images\Cars36.png,203,285,193,229
C:\DATA\Programming\computer_vision\Automatic_Number_Plate_Recognition\data\images\Cars360.png,52,94,167,200
C:\DATA\Programming\computer_vision\Automatic_Number_Plate_Recognition\data\images\Cars361.png,148,305,113,178
C:\DATA\Programming\computer_vision\Automatic_Number_Plate_Recognition\data\images\Cars362.png,139,162,172,179
C:\DATA\Programming\computer_vision\Automatic_Number_Plate_Recognition\data\images\Cars363.png,153,254,169,204
C:\DATA\Programming\computer_vision\Automatic_Number_Plate_Recognition\data\images\Cars364.png,61,115,140,167
C:\DATA\Programming\computer_vision\Automatic_Number_Plate_Recognition\data\images\Cars365.png,293,373,205,226
C:\DATA\Programming\computer_vision\Automatic_Number_Plate_Recognition\data\images\Cars366.png,144,316,112,160
C:\DATA\Programming\computer_vision\Automatic_Number_Plate_Recognition\data\images\Cars367.png,224,382,161,222
C:\DATA\Programming\computer_vision\Automatic_Number_Plate_Recognition\data\images\Cars368.png,173,223,173,203
C:\DATA\Programming\computer_vision\Automatic_Number_Plate_Recognition\data\images\Cars369.png,176,325,253,280
C:\DATA\Programming\computer_vision\Automatic_Number_Plate_Recognition\data\images\Cars37.png,146,246,114,163
C:\DATA\Programming\computer_vision\Automatic_Number_Plate_Recognition\data\images\Cars370.png,285,425,249,276
C:\DATA\Programming\computer_vision\Automatic_Number_Plate_Recognition\data\images\Cars371.png,313,371,135,150
C:\DATA\Programming\computer_vision\Automatic_Number_Plate_Recognition\data\images\Cars372.png,221,353,275,309
C:\DATA\Programming\computer_vision\Automatic_Number_Plate_Recognition\data\images\Cars373.png,161,264,132,157
C:\DATA\Programming\computer_vision\Automatic_Number_Plate_Recognition\data\images\Cars374.png,354,441,118,142
C:\DATA\Programming\computer_vision\Automatic_Number_Plate_Recognition\data\images\Cars375.png,144,300,114,145
C:\DATA\Programming\computer_vision\Automatic_Number_Plate_Recognition\data\images\Cars376.png,159,252,178,203
C:\DATA\Programming\computer_vision\Automatic_Number_Plate_Recognition\data\images\Cars377.png,177,216,138,161
C:\DATA\Programming\computer_vision\Automatic_Number_Plate_Recognition\data\images\Cars378.png,118,254,92,137
C:\DATA\Programming\computer_vision\Automatic_Number_Plate_Recognition\data\images\Cars379.png,197,351,197,245
C:\DATA\Programming\computer_vision\Automatic_Number_Plate_Recognition\data\images\Cars38.png,168,240,196,231
C:\DATA\Programming\computer_vision\Automatic_Number_Plate_Recognition\data\images\Cars380.png,316,364,91,126
C:\DATA\Programming\computer_vision\Automatic_Number_Plate_Recognition\data\images\Cars381.png,65,147,131,155
C:\DATA\Programming\computer_vision\Automatic_Number_Plate_Recognition\data\images\Cars382.png,149,285,206,240
C:\DATA\Programming\computer_vision\Automatic_Number_Plate_Recognition\data\images\Cars383.png,54,88,216,228
C:\DATA\Programming\computer_vision\Automatic_Number_Plate_Recognition\data\images\Cars384.png,219,271,194,230
C:\DATA\Programming\computer_vision\Automatic_Number_Plate_Recognition\data\images\Cars385.png,69,310,75,191
C:\DATA\Programming\computer_vision\Automatic_Number_Plate_Recognition\data\images\Cars386.png,83,221,307,368
C:\DATA\Programming\computer_vision\Automatic_Number_Plate_Recognition\data\images\Cars387.png,163,256,187,225
C:\DATA\Programming\computer_vision\Automatic_Number_Plate_Recognition\data\images\Cars388.png,149,255,130,158
C:\DATA\Programming\computer_vision\Automatic_Number_Plate_Recognition\data\images\Cars389.png,77,222,305,370
C:\DATA\Programming\computer_vision\Automatic_Number_Plate_Recognition\data\images\Cars39.png,225,328,180,213
C:\DATA\Programming\computer_vision\Automatic_Number_Plate_Recognition\data\images\Cars390.png,360,397,118,136
C:\DATA\Programming\computer_vision\Automatic_Number_Plate_Recognition\data\images\Cars391.png,270,320,163,190
C:\DATA\Programming\computer_vision\Automatic_Number_Plate_Recognition\data\images\Cars392.png,144,260,150,209
C:\DATA\Programming\computer_vision\Automatic_Number_Plate_Recognition\data\images\Cars393.png,94,211,171,208
C:\DATA\Programming\computer_vision\Automatic_Number_Plate_Recognition\data\images\Cars394.png,291,410,167,190
C:\DATA\Programming\computer_vision\Automatic_Number_Plate_Recognition\data\images\Cars395.png,241,288,182,205
C:\DATA\Programming\computer_vision\Automatic_Number_Plate_Recognition\data\images\Cars396.png,181,269,264,289
C:\DATA\Programming\computer_vision\Automatic_Number_Plate_Recognition\data\images\Cars397.png,144,216,169,212
C:\DATA\Programming\computer_vision\Automatic_Number_Plate_Recognition\data\images\Cars398.png,72,196,139,222
C:\DATA\Programming\computer_vision\Automatic_Number_Plate_Recognition\data\images\Cars399.png,106,309,62,161
C:\DATA\Programming\computer_vision\Automatic_Number_Plate_Recognition\data\images\Cars4.png,156,503,82,253
C:\DATA\Programming\computer_vision\Automatic_Number_Plate_Recognition\data\images\Cars40.png,261,317,186,211
C:\DATA\Programming\computer_vision\Automatic_Number_Plate_Recognition\data\images\Cars400.png,303,340,191,217
C:\DATA\Programming\computer_vision\Automatic_Number_Plate_Recognition\data\images\Cars401.png,158,238,223,240
C:\DATA\Programming\computer_vision\Automatic_Number_Plate_Recognition\data\images\Cars402.png,360,438,165,181
C:\DATA\Programming\computer_vision\Automatic_Number_Plate_Recognition\data\images\Cars403.png,296,332,189,209
C:\DATA\Programming\computer_vision\Automatic_Number_Plate_Recognition\data\images\Cars404.png,162,235,208,244
C:\DATA\Programming\computer_vision\Automatic_Number_Plate_Recognition\data\images\Cars405.png,241,299,207,232
C:\DATA\Programming\computer_vision\Automatic_Number_Plate_Recognition\data\images\Cars406.png,285,374,185,226
C:\DATA\Programming\computer_vision\Automatic_Number_Plate_Recognition\data\images\Cars407.png,311,346,183,202
C:\DATA\Programming\computer_vision\Automatic_Number_Plate_Recognition\data\images\Cars408.png,160,187,217,228
C:\DATA\Programming\computer_vision\Automatic_Number_Plate_Recognition\data\images\Cars409.png,116,203,146,168
C:\DATA\Programming\computer_vision\Automatic_Number_Plate_Recognition\data\images\Cars41.png,109,159,182,206
C:\DATA\Programming\computer_vision\Automatic_Number_Plate_Recognition\data\images\Cars410.png,51,219,150,212
C:\DATA\Programming\computer_vision\Automatic_Number_Plate_Recognition\data\images\Cars411.png,160,249,153,197
C:\DATA\Programming\computer_vision\Automatic_Number_Plate_Recognition\data\images\Cars412.png,221,362,172,202
C:\DATA\Programming\computer_vision\Automatic_Number_Plate_Recognition\data\images\Cars413.png,237,271,143,162
C:\DATA\Programming\computer_vision\Automatic_Number_Plate_Recognition\data\images\Cars414.png,269,309,206,228
C:\DATA\Programming\computer_vision\Automatic_Number_Plate_Recognition\data\images\Cars415.png,133,261,157,192
C:\DATA\Programming\computer_vision\Automatic_Number_Plate_Recognition\data\images\Cars416.png,150,234,207,221
C:\DATA\Programming\computer_vision\Automatic_Number_Plate_Recognition\data\images\Cars417.png,90,273,145,196
C:\DATA\Programming\computer_vision\Automatic_Number_Plate_Recognition\data\images\Cars418.png,99,303,70,155
C:\DATA\Programming\computer_vision\Automatic_Number_Plate_Recognition\data\images\Cars419.png,195,349,196,242
C:\DATA\Programming\computer_vision\Automatic_Number_Plate_Recognition\data\images\Cars42.png,177,217,140,159
C:\DATA\Programming\computer_vision\Automatic_Number_Plate_Recognition\data\images\Cars420.png,112,160,186,211
C:\DATA\Programming\computer_vision\Automatic_Number_Plate_Recognition\data\images\Cars421.png,95,127,162,183
C:\DATA\Programming\computer_vision\Automatic_Number_Plate_Recognition\data\images\Cars422.png,159,296,126,182
C:\DATA\Programming\computer_vision\Automatic_Number_Plate_Recognition\data\images\Cars423.png,162,283,159,183
C:\DATA\Programming\computer_vision\Automatic_Number_Plate_Recognition\data\images\Cars424.png,128,461,173,242
C:\DATA\Programming\computer_vision\Automatic_Number_Plate_Recognition\data\images\Cars425.png,211,301,103,132
C:\DATA\Programming\computer_vision\Automatic_Number_Plate_Recognition\data\images\Cars426.png,148,282,206,238
C:\DATA\Programming\computer_vision\Automatic_Number_Plate_Recognition\data\images\Cars427.png,236,375,193,228
C:\DATA\Programming\computer_vision\Automatic_Number_Plate_Recognition\data\images\Cars428.png,142,258,128,157
C:\DATA\Programming\computer_vision\Automatic_Number_Plate_Recognition\data\images\Cars429.png,86,208,166,195
C:\DATA\Programming\computer_vision\Automatic_Number_Plate_Recognition\data\images\Cars43.png,142,319,111,161
C:\DATA\Programming\computer_vision\Automatic_Number_Plate_Recognition\data\images\Cars430.png,38,116,159,197
C:\DATA\Programming\computer_vision\Automatic_Number_Plate_Recognition\data\images\Cars431.png,55,343,82,147
C:\DATA\Programming\computer_vision\Automatic_Number_Plate_Recognition\data\images\Cars432.png,95,196,258,284
C:\DATA\Programming\computer_vision\Automatic_Number_Plate_Recognition\data\images\Cars44.png,18,430,153,271
C:\DATA\Programming\computer_vision\Automatic_Number_Plate_Recognition\data\images\Cars45.png,204,280,103,175
C:\DATA\Programming\computer_vision\Automatic_Number_Plate_Recognition\data\images\Cars46.png,189,352,193,248
C:\DATA\Programming\computer_vision\Automatic_Number_Plate_Recognition\data\images\Cars47.png,6,48,143,161
C:\DATA\Programming\computer_vision\Automatic_Number_Plate_Recognition\data\images\Cars48.png,95,286,117,155
C:\DATA\Programming\computer_vision\Automatic_Number_Plate_Recognition\data\images\Cars49.png,268,314,171,190
C:\DATA\Programming\computer_vision\Automatic_Number_Plate_Recognition\data\images\Cars5.png,226,242,218,240
C:\DATA\Programming\computer_vision\Automatic_Number_Plate_Recognition\data\images\Cars50.png,116,525,55,262
C:\DATA\Programming\computer_vision\Automatic_Number_Plate_Recognition\data\images\Cars51.png,264,318,141,162
C:\DATA\Programming\computer_vision\Automatic_Number_Plate_Recognition\data\images\Cars52.png,226,327,181,210
C:\DATA\Programming\computer_vision\Automatic_Number_Plate_Recognition\data\images\Cars53.png,146,260,187,213
C:\DATA\Programming\computer_vision\Automatic_Number_Plate_Recognition\data\images\Cars54.png,148,257,61,118
C:\DATA\Programming\computer_vision\Automatic_Number_Plate_Recognition\data\images\Cars55.png,143,210,171,208
C:\DATA\Programming\computer_vision\Automatic_Number_Plate_Recognition\data\images\Cars56.png,87,339,82,146
C:\DATA\Programming\computer_vision\Automatic_Number_Plate_Recognition\data\images\Cars57.png,270,321,162,195
C:\DATA\Programming\computer_vision\Automatic_Number_Plate_Recognition\data\images\Cars58.png,154,241,166,187
C:\DATA\Programming\computer_vision\Automatic_Number_Plate_Recognition\data\images\Cars59.png,324,375,162,175
C:\DATA\Programming\computer_vision\Automatic_Number_Plate_Recognition\data\images\Cars6.png,112,373,114,239
C:\DATA\Programming\computer_vision\Automatic_Number_Plate_Recognition\data\images\Cars60.png,45,364,98,159
C:\DATA\Programming\computer_vision\Automatic_Number_Plate_Recognition\data\images\Cars61.png,71,198,124,231
C:\DATA\Programming\computer_vision\Automatic_Number_Plate_Recognition\data\images\Cars62.png,156,243,110,159
C:\DATA\Programming\computer_vision\Automatic_Number_Plate_Recognition\data\images\Cars63.png,54,91,201,226
C:\DATA\Programming\computer_vision\Automatic_Number_Plate_Recognition\data\images\Cars64.png,120,325,187,220
C:\DATA\Programming\computer_vision\Automatic_Number_Plate_Recognition\data\images\Cars65.png,207,300,200,260
C:\DATA\Programming\computer_vision\Automatic_Number_Plate_Recognition\data\images\Cars66.png,144,211,170,202
C:\DATA\Programming\computer_vision\Automatic_Number_Plate_Recognition\data\images\Cars67.png,189,328,223,248
C:\DATA\Programming\computer_vision\Automatic_Number_Plate_Recognition\data\images\Cars68.png,189,245,142,171
C:\DATA\Programming\computer_vision\Automatic_Number_Plate_Recognition\data\images\Cars69.png,77,124,150,175
C:\DATA\Programming\computer_vision\Automatic_Number_Plate_Recognition\data\images\Cars7.png,166,206,141,154
C:\DATA\Programming\computer_vision\Automatic_Number_Plate_Recognition\data\images\Cars70.png,179,213,115,133
C:\DATA\Programming\computer_vision\Automatic_Number_Plate_Recognition\data\images\Cars71.png,254,284,144,152
C:\DATA\Programming\computer_vision\Automatic_Number_Plate_Recognition\data\images\Cars72.png,156,255,182,208
C:\DATA\Programming\computer_vision\Automatic_Number_Plate_Recognition\data\images\Cars73.png,119,283,22,69
C:\DATA\Programming\computer_vision\Automatic_Number_Plate_Recognition\data\images\Cars74.png,115,277,115,153
C:\DATA\Programming\computer_vision\Automatic_Number_Plate_Recognition\data\images\Cars75.png,209,218,196,201
C:\DATA\Programming\computer_vision\Automatic_Number_Plate_Recognition\data\images\Cars76.png,6,470,114,233
C:\DATA\Programming\computer_vision\Automatic_Number_Plate_Recognition\data\images\Cars77.png,229,309,151,178
C:\DATA\Programming\computer_vision\Automatic_Number_Plate_Recognition\data\images\Cars78.png,149,249,210,239
C:\DATA\Programming\computer_vision\Automatic_Number_Plate_Recognition\data\images\Cars79.png,238,350,363,422
C:\DATA\Programming\computer_vision\Automatic_Number_Plate_Recognition\data\images\Cars8.png,204,304,104,134
C:\DATA\Programming\computer_vision\Automatic_Number_Plate_Recognition\data\images\Cars80.png,94,279,148,186
C:\DATA\Programming\computer_vision\Automatic_Number_Plate_Recognition\data\images\Cars81.png,297,327,100,125
C:\DATA\Programming\computer_vision\Automatic_Number_Plate_Recognition\data\images\Cars82.png,190,257,59,77
C:\DATA\Programming\computer_vision\Automatic_Number_Plate_Recognition\data\images\Cars83.png,251,326,295,341
C:\DATA\Programming\computer_vision\Automatic_Number_Plate_Recognition\data\images\Cars84.png,167,238,201,220
C:\DATA\Programming\computer_vision\Automatic_Number_Plate_Recognition\data\images\Cars85.png,86,146,218,235
C:\DATA\Programming\computer_vision\Automatic_Number_Plate_Recognition\data\images\Cars86.png,332,447,176,204
C:\DATA\Programming\computer_vision\Automatic_Number_Plate_Recognition\data\images\Cars87.png,3,45,205,220
C:\DATA\Programming\computer_vision\Automatic_Number_Plate_Recognition\data\images\Cars88.png,168,242,148,171
C:\DATA\Programming\computer_vision\Automatic_Number_Plate_Recognition\data\images\Cars89.png,307,345,206,221
C:\DATA\Programming\computer_vision\Automatic_Number_Plate_Recognition\data\images\Cars9.png,164,272,224,247
C:\DATA\Programming\computer_vision\Automatic_Number_Plate_Recognition\data\images\Cars90.png,77,101,204,225
C:\DATA\Programming\computer_vision\Automatic_Number_Plate_Recognition\data\images\Cars91.png,269,317,170,189
C:\DATA\Programming\computer_vision\Automatic_Number_Plate_Recognition\data\images\Cars92.png,281,393,185,271
C:\DATA\Programming\computer_vision\Automatic_Number_Plate_Recognition\data\images\Cars93.png,347,367,122,132
C:\DATA\Programming\computer_vision\Automatic_Number_Plate_Recognition\data\images\Cars94.png,176,251,210,248
C:\DATA\Programming\computer_vision\Automatic_Number_Plate_Recognition\data\images\Cars95.png,278,407,182,263
C:\DATA\Programming\computer_vision\Automatic_Number_Plate_Recognition\data\images\Cars96.png,133,261,126,160
C:\DATA\Programming\computer_vision\Automatic_Number_Plate_Recognition\data\images\Cars97.png,98,297,102,191
C:\DATA\Programming\computer_vision\Automatic_Number_Plate_Recognition\data\images\Cars98.png,85,247,196,259
C:\DATA\Programming\computer_vision\Automatic_Number_Plate_Recognition\data\images\Cars99.png,70,262,198,271
C:\DATA\Programming\computer_vision\Automatic_Number_Plate_Recognition\data\images\N1.jpeg,1093,1396,645,727
C:\DATA\Programming\computer_vision\Automatic_Number_Plate_Recognition\data\images\N100.jpeg,134,301,312,350
C:\DATA\Programming\computer_vision\Automatic_Number_Plate_Recognition\data\images\N101.jpeg,31,139,128,161
C:\DATA\Programming\computer_vision\Automatic_Number_Plate_Recognition\data\images\N102.jpeg,164,316,216,243
C:\DATA\Programming\computer_vision\Automatic_Number_Plate_Recognition\data\images\N103.jpeg,813,1067,665,724
C:\DATA\Programming\computer_vision\Automatic_Number_Plate_Recognition\data\images\N104.jpeg,66,154,166,197
C:\DATA\Programming\computer_vision\Automatic_Number_Plate_Recognition\data\images\N105.jpeg,360,434,174,195
C:\DATA\Programming\computer_vision\Automatic_Number_Plate_Recognition\data\images\N106.jpeg,137,262,249,290
C:\DATA\Programming\computer_vision\Automatic_Number_Plate_Recognition\data\images\N107.jpeg,207,356,174,287
C:\DATA\Programming\computer_vision\Automatic_Number_Plate_Recognition\data\images\N108.jpeg,184,342,220,257
C:\DATA\Programming\computer_vision\Automatic_Number_Plate_Recognition\data\images\N109.jpeg,148,239,250,320
C:\DATA\Programming\computer_vision\Automatic_Number_Plate_Recognition\data\images\N11.jpeg,131,187,130,144
C:\DATA\Programming\computer_vision\Automatic_Number_Plate_Recognition\data\images\N110.jpeg,183,249,211,227
C:\DATA\Programming\computer_vision\Automatic_Number_Plate_Recognition\data\images\N111.jpeg,80,239,364,402
C:\DATA\Programming\computer_vision\Automatic_Number_Plate_Recognition\data\images\N112.jpeg,179,347,256,290
C:\DATA\Programming\computer_vision\Automatic_Number_Plate_Recognition\data\images\N113.jpeg,39,108,129,157
C:\DATA\Programming\computer_vision\Automatic_Number_Plate_Recognition\data\images\N114.jpeg,15,200,33,126
C:\DATA\Programming\computer_vision\Automatic_Number_Plate_Recognition\data\images\N116.jpeg,157,316,226,278
C:\DATA\Programming\computer_vision\Automatic_Number_Plate_Recognition\data\images\N117.jpeg,120,249,161,202
C:\DATA\Programming\computer_vision\Automatic_Number_Plate_Recognition\data\images\N118.jpeg,532,852,636,706
C:\DATA\Programming\computer_vision\Automatic_Number_Plate_Recognition\data\images\N119.jpeg,180,559,216,314
C:\DATA\Programming\computer_vision\Automatic_Number_Plate_Recognition\data\images\N12.jpeg,976,1284,669,754
C:\DATA\Programming\computer_vision\Automatic_Number_Plate_Recognition\data\images\N120.jpeg,647,736,332,387
C:\DATA\Programming\computer_vision\Automatic_Number_Plate_Recognition\data\images\N121.jpeg,311,506,324,370
C:\DATA\Programming\computer_vision\Automatic_Number_Plate_Recognition\data\images\N122.jpeg,342,494,243,288
C:\DATA\Programming\computer_vision\Automatic_Number_Plate_Recognition\data\images\N123.jpeg,11,246,78,165
C:\DATA\Programming\computer_vision\Automatic_Number_Plate_Recognition\data\images\N124.jpeg,165,328,276,324
C:\DATA\Programming\computer_vision\Automatic_Number_Plate_Recognition\data\images\N126.jpeg,149,399,269,327
C:\DATA\Programming\computer_vision\Automatic_Number_Plate_Recognition\data\images\N127.jpeg,24,142,209,245
C:\DATA\Programming\computer_vision\Automatic_Number_Plate_Recognition\data\images\N128.jpeg,58,221,198,271
C:\DATA\Programming\computer_vision\Automatic_Number_Plate_Recognition\data\images\N129.jpeg,301,504,351,402
C:\DATA\Programming\computer_vision\Automatic_Number_Plate_Recognition\data\images\N130.jpeg,419,513,173,213
C:\DATA\Programming\computer_vision\Automatic_Number_Plate_Recognition\data\images\N131.jpeg,198,349,107,143
C:\DATA\Programming\computer_vision\Automatic_Number_Plate_Recognition\data\images\N132.jpeg,111,320,133,286
C:\DATA\Programming\computer_vision\Automatic_Number_Plate_Recognition\data\images\N133.jpeg,795,1095,751,840
C:\DATA\Programming\computer_vision\Automatic_Number_Plate_Recognition\data\images\N134.jpeg,230,365,188,219
C:\DATA\Programming\computer_vision\Automatic_Number_Plate_Recognition\data\images\N135.jpeg,157,341,197,247
C:\DATA\Programming\computer_vision\Automatic_Number_Plate_Recognition\data\images\N136.jpeg,787,910,473,513
C:\DATA\Programming\computer_vision\Automatic_Number_Plate_Recognition\data\images\N137.jpeg,401,593,456,493
C:\DATA\Programming\computer_vision\Automatic_Number_Plate_Recognition\data\images\N138.jpeg,36,465,64,168
C:\DATA\Programming\computer_vision\Automatic_Number_Plate_Recognition\data\images\N139.jpeg,341,607,954,1011
C:\DATA\Programming\computer_vision\Automatic_Number_Plate_Recognition\data\images\N14.jpeg,1058,1351,660,756
C:\DATA\Programming\computer_vision\Automatic_Number_Plate_Recognition\data\images\N140.jpeg,346,423,197,221
C:\DATA\Programming\computer_vision\Automatic_Number_Plate_Recognition\data\images\N141.jpeg,150,348,255,296
C:\DATA\Programming\computer_vision\Automatic_Number_Plate_Recognition\data\images\N142.jpeg,66,174,234,259
C:\DATA\Programming\computer_vision\Automatic_Number_Plate_Recognition\data\images\N143.jpeg,115,524,144,296
C:\DATA\Programming\computer_vision\Automatic_Number_Plate_Recognition\data\images\N144.jpeg,39,177,201,275
C:\DATA\Programming\computer_vision\Automatic_Number_Plate_Recognition\data\images\N145.jpeg,233,432,88,151
C:\DATA\Programming\computer_vision\Automatic_Number_Plate_Recognition\data\images\N147.jpeg,424,613,548,591
C:\DATA\Programming\computer_vision\Automatic_Number_Plate_Recognition\data\images\N148.jpeg,244,369,240,293
C:\DATA\Programming\computer_vision\Automatic_Number_Plate_Recognition\data\images\N149.jpeg,186,324,116,148
C:\DATA\Programming\computer_vision\Automatic_Number_Plate_Recognition\data\images\N15.jpeg,582,853,622,691
C:\DATA\Programming\computer_vision\Automatic_Number_Plate_Recognition\data\images\N150.jpeg,172,372,97,143
C:\DATA\Programming\computer_vision\Automatic_Number_Plate_Recognition\data\images\N151.jpeg,144,277,216,252
C:\DATA\Programming\computer_vision\Automatic_Number_Plate_Recognition\data\images\N152.jpeg,265,725,247,347
C:\DATA\Programming\computer_vision\Automatic_Number_Plate_Recognition\data\images\N153.jpeg,133,279,352,385
C:\DATA\Programming\computer_vision\Automatic_Number_Plate_Recognition\data\images\N154.jpeg,106,245,157,196
C:\DATA\Programming\computer_vision\Automatic_Number_Plate_Recognition\data\images\N155.jpeg,145,313,167,201
C:\DATA\Programming\computer_vision\Automatic_Number_Plate_Recognition\data\images\N156.jpeg,49,106,230,249
C:\DATA\Programming\computer_vision\Automatic_Number_Plate_Recognition\data\images\N158.jpeg,122,224,268,292
C:\DATA\Programming\computer_vision\Automatic_Number_Plate_Recognition\data\images\N16.jpeg,887,1173,625,696
C:\DATA\Programming\computer_vision\Automatic_Number_Plate_Recognition\data\images\N160.jpeg,153,251,196,217
C:\DATA\Programming\computer_vision\Automatic_Number_Plate_Recognition\data\images\N162.jpeg,147,336,169,209
C:\DATA\Programming\computer_vision\Automatic_Number_Plate_Recognition\data\images\N163.jpeg,230,316,203,231
C:\DATA\Programming\computer_vision\Automatic_Number_Plate_Recognition\data\images\N164.jpeg,248,421,121,174
C:\DATA\Programming\computer_vision\Automatic_Number_Plate_Recognition\data\images\N165.jpeg,186,374,290,335
C:\DATA\Programming\computer_vision\Automatic_Number_Plate_Recognition\data\images\N166.jpeg,809,1034,246,295
C:\DATA\Programming\computer_vision\Automatic_Number_Plate_Recognition\data\images\N167.jpeg,345,848,242,416
C:\DATA\Programming\computer_vision\Automatic_Number_Plate_Recognition\data\images\N168.jpeg,271,474,514,561
C:\DATA\Programming\computer_vision\Automatic_Number_Plate_Recognition\data\images\N169.jpeg,167,413,208,263
C:\DATA\Programming\computer_vision\Automatic_Number_Plate_Recognition\data\images\N17.jpeg,88,216,507,556
C:\DATA\Programming\computer_vision\Automatic_Number_Plate_Recognition\data\images\N170.jpeg,299,442,337,386
C:\DATA\Programming\computer_vision\Automatic_Number_Plate_Recognition\data\images\N171.jpeg,13,444,137,270
C:\DATA\Programming\computer_vision\Automatic_Number_Plate_Recognition\data\images\N172.jpeg,147,370,133,184
C:\DATA\Programming\computer_vision\Automatic_Number_Plate_Recognition\data\images\N173.jpeg,80,335,150,243
C:\DATA\Programming\computer_vision\Automatic_Number_Plate_Recognition\data\images\N174.jpeg,315,665,442,531
C:\DATA\Programming\computer_vision\Automatic_Number_Plate_Recognition\data\images\N175.jpeg,183,250,205,229
C:\DATA\Programming\computer_vision\Automatic_Number_Plate_Recognition\data\images\N176.jpeg,195,383,320,358
C:\DATA\Programming\computer_vision\Automatic_Number_Plate_Recognition\data\images\N177.jpeg,331,538,263,317
C:\DATA\Programming\computer_vision\Automatic_Number_Plate_Recognition\data\images\N178.jpeg,210,335,289,351
C:\DATA\Programming\computer_vision\Automatic_Number_Plate_Recognition\data\images\N179.jpeg,203,297,217,240
C:\DATA\Programming\computer_vision\Automatic_Number_Plate_Recognition\data\images\N18.jpeg,373,528,366,408
C:\DATA\Programming\computer_vision\Automatic_Number_Plate_Recognition\data\images\N181.jpeg,361,499,381,432
C:\DATA\Programming\computer_vision\Automatic_Number_Plate_Recognition\data\images\N183.jpeg,216,343,155,190
C:\DATA\Programming\computer_vision\Automatic_Number_Plate_Recognition\data\images\N184.jpeg,229,1391,204,660
C:\DATA\Programming\computer_vision\Automatic_Number_Plate_Recognition\data\images\N185.jpeg,321,559,420,484
C:\DATA\Programming\computer_vision\Automatic_Number_Plate_Recognition\data\images\N186.jpeg,464,561,286,344
C:\DATA\Programming\computer_vision\Automatic_Number_Plate_Recognition\data\images\N187.jpeg,572,839,461,535
C:\DATA\Programming\computer_vision\Automatic_Number_Plate_Recognition\data\images\N188.jpeg,587,711,760,832
C:\DATA\Programming\computer_vision\Automatic_Number_Plate_Recognition\data\images\N189.jpeg,178,381,121,181
C:\DATA\Programming\computer_vision\Automatic_Number_Plate_Recognition\data\images\N19.jpeg,99,216,367,423
C:\DATA\Programming\computer_vision\Automatic_Number_Plate_Recognition\data\images\N190.jpeg,896,1558,814,969
C:\DATA\Programming\computer_vision\Automatic_Number_Plate_Recognition\data\images\N191.jpeg,317,568,319,397
C:\DATA\Programming\computer_vision\Automatic_Number_Plate_Recognition\data\images\N192.jpeg,543,769,390,461
C:\DATA\Programming\computer_vision\Automatic_Number_Plate_Recognition\data\images\N193.jpeg,274,502,2,59
C:\DATA\Programming\computer_vision\Automatic_Number_Plate_Recognition\data\images\N195.jpeg,186,367,137,232
C:\DATA\Programming\computer_vision\Automatic_Number_Plate_Recognition\data\images\N196.jpeg,119,220,84,111
C:\DATA\Programming\computer_vision\Automatic_Number_Plate_Recognition\data\images\N197.jpeg,120,184,103,130
C:\DATA\Programming\computer_vision\Automatic_Number_Plate_Recognition\data\images\N198.jpeg,214,335,138,169
C:\DATA\Programming\computer_vision\Automatic_Number_Plate_Recognition\data\images\N199.jpeg,45,112,206,255
C:\DATA\Programming\computer_vision\Automatic_Number_Plate_Recognition\data\images\N2.jpeg,1804,2493,1734,1882
C:\DATA\Programming\computer_vision\Automatic_Number_Plate_Recognition\data\images\N20.jpeg,498,796,729,814
C:\DATA\Programming\computer_vision\Automatic_Number_Plate_Recognition\data\images\N200.jpeg,196,442,227,293
C:\DATA\Programming\computer_vision\Automatic_Number_Plate_Recognition\data\images\N201.jpeg,157,290,193,229
C:\DATA\Programming\computer_vision\Automatic_Number_Plate_Recognition\data\images\N202.jpeg,157,329,260,296
C:\DATA\Programming\computer_vision\Automatic_Number_Plate_Recognition\data\images\N203.jpeg,765,1258,821,905
C:\DATA\Programming\computer_vision\Automatic_Number_Plate_Recognition\data\images\N204.jpeg,94,206,307,334
C:\DATA\Programming\computer_vision\Automatic_Number_Plate_Recognition\data\images\N205.jpeg,322,479,169,203
C:\DATA\Programming\computer_vision\Automatic_Number_Plate_Recognition\data\images\N206.jpeg,121,215,120,147
C:\DATA\Programming\computer_vision\Automatic_Number_Plate_Recognition\data\images\N207.jpeg,213,339,280,307
C:\DATA\Programming\computer_vision\Automatic_Number_Plate_Recognition\data\images\N208.jpeg,199,274,203,221
C:\DATA\Programming\computer_vision\Automatic_Number_Plate_Recognition\data\images\N209.jpeg,145,319,200,244
C:\DATA\Programming\computer_vision\Automatic_Number_Plate_Recognition\data\images\N21.jpeg,244,403,221,258
C:\DATA\Programming\computer_vision\Automatic_Number_Plate_Recognition\data\images\N210.jpeg,143,337,210,254
C:\DATA\Programming\computer_vision\Automatic_Number_Plate_Recognition\data\images\N211.jpeg,74,160,149,175
C:\DATA\Programming\computer_vision\Automatic_Number_Plate_Recognition\data\images\N212.jpeg,159,353,115,173
C:\DATA\Programming\computer_vision\Automatic_Number_Plate_Recognition\data\images\N213.jpeg,131,209,129,153
C:\DATA\Programming\computer_vision\Automatic_Number_Plate_Recognition\data\images\N214.jpeg,167,277,189,226
C:\DATA\Programming\computer_vision\Automatic_Number_Plate_Recognition\data\images\N215.jpeg,85,258,390,446
C:\DATA\Programming\computer_vision\Automatic_Number_Plate_Recognition\data\images\N216.jpeg,322,682,300,371
C:\DATA\Programming\computer_vision\Automatic_Number_Plate_Recognition\data\images\N217.jpeg,404,585,429,468
C:\DATA\Programming\computer_vision\Automatic_Number_Plate_Recognition\data\images\N218.jpeg,176,301,212,238
C:\DATA\Programming\computer_vision\Automatic_Number_Plate_Recognition\data\images\N219.jpeg,1,300,92,154
C:\DATA\Programming\computer_vision\Automatic_Number_Plate_Recognition\data\images\N22.jpeg,493,858,885,967
C:\DATA\Programming\computer_vision\Automatic_Number_Plate_Recognition\data\images\N220.jpeg,182,349,238,273
C:\DATA\Programming\computer_vision\Automatic_Number_Plate_Recognition\data\images\N221.jpeg,104,209,153,182
C:\DATA\Programming\computer_vision\Automatic_Number_Plate_Recognition\data\images\N222.jpeg,127,183,122,156
C:\DATA\Programming\computer_vision\Automatic_Number_Plate_Recognition\data\images\N223.jpeg,69,585,79,183
C:\DATA\Programming\computer_vision\Automatic_Number_Plate_Recognition\data\images\N224.jpeg,164,272,223,247
C:\DATA\Programming\computer_vision\Automatic_Number_Plate_Recognition\data\images\N225.jpeg,775,1142,965,1101
C:\DATA\Programming\computer_vision\Automatic_Number_Plate_Recognition\data\images\N226.jpeg,142,343,253,304
C:\DATA\Programming\computer_vision\Automatic_Number_Plate_Recognition\data\images\N227.jpeg,626,768,280,359
C:\DATA\Programming\computer_vision\Automatic_Number_Plate_Recognition\data\images\N229.jpeg,358,1031,294,540
C:\DATA\Programming\computer_vision\Automatic_Number_Plate_Recognition\data\images\N23.jpeg,107,201,264,288
C:\DATA\Programming\computer_vision\Automatic_Number_Plate_Recognition\data\images\N230.jpeg,271,484,332,384
C:\DATA\Programming\computer_vision\Automatic_Number_Plate_Recognition\data\images\N231.jpeg,581,700,273,319
C:\DATA\Programming\computer_vision\Automatic_Number_Plate_Recognition\data\images\N232.jpeg,286,451,216,258
C:\DATA\Programming\computer_vision\Automatic_Number_Plate_Recognition\data\images\N233.jpeg,99,223,20,50
C:\DATA\Programming\computer_vision\Automatic_Number_Plate_Recognition\data\images\N234.jpeg,224,307,158,183
C:\DATA\Programming\computer_vision\Automatic_Number_Plate_Recognition\data\images\N235.jpeg,44,656,128,391
C:\DATA\Programming\computer_vision\Automatic_Number_Plate_Recognition\data\images\N236.jpeg,313,380,111,141
C:\DATA\Programming\computer_vision\Automatic_Number_Plate_Recognition\data\images\N237.jpeg,121,243,163,198
C:\DATA\Programming\computer_vision\Automatic_Number_Plate_Recognition\data\images\N238.jpeg,165,341,129,170
C:\DATA\Programming\computer_vision\Automatic_Number_Plate_Recognition\data\images\N239.jpeg,106,263,238,276
C:\DATA\Programming\computer_vision\Automatic_Number_Plate_Recognition\data\images\N24.jpeg,151,280,193,224
C:\DATA\Programming\computer_vision\Automatic_Number_Plate_Recognition\data\images\N240.jpeg,164,285,99,137
C:\DATA\Programming\computer_vision\Automatic_Number_Plate_Recognition\data\images\N241.jpeg,251,542,308,385
C:\DATA\Programming\computer_vision\Automatic_Number_Plate_Recognition\data\images\N242.jpeg,202,386,190,227
C:\DATA\Programming\computer_vision\Automatic_Number_Plate_Recognition\data\images\N244.jpeg,335,452,313,343
C:\DATA\Programming\computer_vision\Automatic_Number_Plate_Recognition\data\images\N245.jpeg,192,364,279,319
C:\DATA\Programming\computer_vision\Automatic_Number_Plate_Recognition\data\images\N246.jpeg,23,160,261,321
C:\DATA\Programming\computer_vision\Automatic_Number_Plate_Recognition\data\images\N247.jpeg,641,886,518,578
C:\DATA\Programming\computer_vision\Automatic_Number_Plate_Recognition\data\images\N248.jpeg,288,429,248,281
C:\DATA\Programming\computer_vision\Automatic_Number_Plate_Recognition\data\images\N25.jpeg,132,235,169,193
C:\DATA\Programming\computer_vision\Automatic_Number_Plate_Recognition\data\images\N27.jpeg,696,1061,546,677
C:\DATA\Programming\computer_vision\Automatic_Number_Plate_Recognition\data\images\N28.jpeg,738,1009,654,722
C:\DATA\Programming\computer_vision\Automatic_Number_Plate_Recognition\data\images\N3.jpeg,73,260,381,462
C:\DATA\Programming\computer_vision\Automatic_Number_Plate_Recognition\data\images\N30.jpeg,928,1219,543,606
C:\DATA\Programming\computer_vision\Automatic_Number_Plate_Recognition\data\images\N31.jpeg,256,381,233,261
C:\DATA\Programming\computer_vision\Automatic_Number_Plate_Recognition\data\images\N32.jpeg,360,500,171,206
C:\DATA\Programming\computer_vision\Automatic_Number_Plate_Recognition\data\images\N33.jpeg,856,1218,665,751
C:\DATA\Programming\computer_vision\Automatic_Number_Plate_Recognition\data\images\N34.jpeg,576,902,487,596
C:\DATA\Programming\computer_vision\Automatic_Number_Plate_Recognition\data\images\N35.jpeg,97,229,338,378
C:\DATA\Programming\computer_vision\Automatic_Number_Plate_Recognition\data\images\N36.jpeg,392,517,161,213
C:\DATA\Programming\computer_vision\Automatic_Number_Plate_Recognition\data\images\N37.jpeg,77,200,231,290
C:\DATA\Programming\computer_vision\Automatic_Number_Plate_Recognition\data\images\N38.jpeg,397,645,590,641
C:\DATA\Programming\computer_vision\Automatic_Number_Plate_Recognition\data\images\N4.jpeg,1326,1830,1464,1607
C:\DATA\Programming\computer_vision\Automatic_Number_Plate_Recognition\data\images\N40.jpeg,328,580,208,254
C:\DATA\Programming\computer_vision\Automatic_Number_Plate_Recognition\data\images\N42.jpeg,163,373,253,327
C:\DATA\Programming\computer_vision\Automatic_Number_Plate_Recognition\data\images\N43.jpeg,142,298,281,327
C:\DATA\Programming\computer_vision\Automatic_Number_Plate_Recognition\data\images\N44.jpeg,113,257,282,322
C:\DATA\Programming\computer_vision\Automatic_Number_Plate_Recognition\data\images\N45.jpeg,107,256,147,180
C:\DATA\Programming\computer_vision\Automatic_Number_Plate_Recognition\data\images\N46.jpeg,454,797,109,234
C:\DATA\Programming\computer_vision\Automatic_Number_Plate_Recognition\data\images\N47.jpeg,161,313,212,259
C:\DATA\Programming\computer_vision\Automatic_Number_Plate_Recognition\data\images\N48.jpeg,156,335,259,303
C:\DATA\Programming\computer_vision\Automatic_Number_Plate_Recognition\data\images\N49.jpeg,196,352,135,173
C:\DATA\Programming\computer_vision\Automatic_Number_Plate_Recognition\data\images\N5.jpeg,938,1173,709,762
C:\DATA\Programming\computer_vision\Automatic_Number_Plate_Recognition\data\images\N50.jpeg,101,397,223,291
C:\DATA\Programming\computer_vision\Automatic_Number_Plate_Recognition\data\images\N51.jpeg,383,491,212,248
C:\DATA\Programming\computer_vision\Automatic_Number_Plate_Recognition\data\images\N52.jpeg,234,422,254,294
C:\DATA\Programming\computer_vision\Automatic_Number_Plate_Recognition\data\images\N53.jpeg,217,428,147,188
C:\DATA\Programming\computer_vision\Automatic_Number_Plate_Recognition\data\images\N54.jpeg,189,299,162,188
C:\DATA\Programming\computer_vision\Automatic_Number_Plate_Recognition\data\images\N56.jpeg,302,486,265,303
C:\DATA\Programming\computer_vision\Automatic_Number_Plate_Recognition\data\images\N57.jpeg,211,406,161,202
C:\DATA\Programming\computer_vision\Automatic_Number_Plate_Recognition\data\images\N58.jpeg,221,430,190,231
C:\DATA\Programming\computer_vision\Automatic_Number_Plate_Recognition\data\images\N59.jpeg,1238,2468,1012,1269
C:\DATA\Programming\computer_vision\Automatic_Number_Plate_Recognition\data\images\N6.jpeg,858,1122,611,676
C:\DATA\Programming\computer_vision\Automatic_Number_Plate_Recognition\data\images\N61.jpeg,158,350,252,297
C:\DATA\Programming\computer_vision\Automatic_Number_Plate_Recognition\data\images\N62.jpeg,289,421,188,232
C:\DATA\Programming\computer_vision\Automatic_Number_Plate_Recognition\data\images\N63.jpeg,297,422,174,218
C:\DATA\Programming\computer_vision\Automatic_Number_Plate_Recognition\data\images\N64.jpeg,19,94,249,314
C:\DATA\Programming\computer_vision\Automatic_Number_Plate_Recognition\data\images\N65.jpeg,1024,1273,611,680
C:\DATA\Programming\computer_vision\Automatic_Number_Plate_Recognition\data\images\N66.jpeg,163,320,247,280
C:\DATA\Programming\computer_vision\Automatic_Number_Plate_Recognition\data\images\N67.jpeg,164,336,162,195
C:\DATA\Programming\computer_vision\Automatic_Number_Plate_Recognition\data\images\N68.jpeg,319,479,262,295
C:\DATA\Programming\computer_vision\Automatic_Number_Plate_Recognition\data\images\N69.jpeg,637,840,464,549
C:\DATA\Programming\computer_vision\Automatic_Number_Plate_Recognition\data\images\N7.jpeg,1149,1358,649,702
C:\DATA\Programming\computer_vision\Automatic_Number_Plate_Recognition\data\images\N70.jpeg,186,395,376,430
C:\DATA\Programming\computer_vision\Automatic_Number_Plate_Recognition\data\images\N72.jpeg,186,325,177,212
C:\DATA\Programming\computer_vision\Automatic_Number_Plate_Recognition\data\images\N73.jpeg,124,209,102,130
C:\DATA\Programming\computer_vision\Automatic_Number_Plate_Recognition\data\images\N74.jpeg,161,366,210,250
C:\DATA\Programming\computer_vision\Automatic_Number_Plate_Recognition\data\images\N75.jpeg,466,740,680,737
C:\DATA\Programming\computer_vision\Automatic_Number_Plate_Recognition\data\images\N77.jpeg,361,566,190,297
C:\DATA\Programming\computer_vision\Automatic_Number_Plate_Recognition\data\images\N78.jpeg,146,302,160,196
C:\DATA\Programming\computer_vision\Automatic_Number_Plate_Recognition\data\images\N79.jpeg,113,277,288,347
C:\DATA\Programming\computer_vision\Automatic_Number_Plate_Recognition\data\images\N8.jpeg,788,1525,1675,1851
C:\DATA\Programming\computer_vision\Automatic_Number_Plate_Recognition\data\images\N80.jpeg,248,372,116,144
C:\DATA\Programming\computer_vision\Automatic_Number_Plate_Recognition\data\images\N81.jpeg,66,174,302,332
C:\DATA\Programming\computer_vision\Automatic_Number_Plate_Recognition\data\images\N82.jpeg,456,651,722,778
C:\DATA\Programming\computer_vision\Automatic_Number_Plate_Recognition\data\images\N84.jpeg,235,349,319,352
C:\DATA\Programming\computer_vision\Automatic_Number_Plate_Recognition\data\images\N85.jpeg,163,302,357,427
C:\DATA\Programming\computer_vision\Automatic_Number_Plate_Recognition\data\images\N86.jpeg,448,638,273,338
C:\DATA\Programming\computer_vision\Automatic_Number_Plate_Recognition\data\images\N88.jpeg,208,370,89,173
C:\DATA\Programming\computer_vision\Automatic_Number_Plate_Recognition\data\images\N89.jpeg,150,378,217,269
C:\DATA\Programming\computer_vision\Automatic_Number_Plate_Recognition\data\images\N9.jpeg,142,441,55,167
C:\DATA\Programming\computer_vision\Automatic_Number_Plate_Recognition\data\images\N90.jpeg,53,185,206,232
C:\DATA\Programming\computer_vision\Automatic_Number_Plate_Recognition\data\images\N91.jpeg,239,347,187,211
C:\DATA\Programming\computer_vision\Automatic_Number_Plate_Recognition\data\images\N92.jpeg,113,420,209,260
C:\DATA\Programming\computer_vision\Automatic_Number_Plate_Recognition\data\images\N93.jpeg,385,746,293,434
C:\DATA\Programming\computer_vision\Automatic_Number_Plate_Recognition\data\images\N94.jpeg,63,243,234,274
C:\DATA\Programming\computer_vision\Automatic_Number_Plate_Recognition\data\images\N95.jpeg,23,408,173,391
C:\DATA\Programming\computer_vision\Automatic_Number_Plate_Recognition\data\images\N96.jpeg,137,352,141,186
C:\DATA\Programming\computer_vision\Automatic_Number_Plate_Recognition\data\images\N97.jpeg,175,290,228,255
C:\DATA\Programming\computer_vision\Automatic_Number_Plate_Recognition\data\images\N98.jpeg,563,675,207,238
C:\DATA\Programming\computer_vision\Automatic_Number_Plate_Recognition\data\images\N99.jpeg,158,389,129,193
